{
    "Accuracy": 0.6661585365853658,
    "Precision": 0.5939849624060151,
    "Recall": 0.3237704918032787,
    "F1 Score": 0.41909814323607425
}